CREATE OR REPLACE SEQUENCE `sq_comments` start with 1 minvalue 1 maxvalue 9223372036854775806 increment by 1 cache 1 nocycle ENGINE=InnoDB;

CREATE OR REPLACE SEQUENCE `sq_address` start with 1 minvalue 1 maxvalue 9223372036854775806 increment by 1 cache 1 nocycle ENGINE=InnoDB;

CREATE OR REPLACE SEQUENCE `sq_delivery` start with 1 minvalue 1 maxvalue 9223372036854775806 increment by 1 cache 1 nocycle ENGINE=InnoDB;


-- shopping.cart definition

CREATE TABLE `cart` (
  `userId` varchar(100) DEFAULT NULL,
  `productId` varchar(100) DEFAULT NULL,
  `cnt` text DEFAULT NULL
) ENGINE=InnoDB DEFAULT CHARSET=utf8mb4 COLLATE=utf8mb4_unicode_ci;

-- -- shopping.true_ip definition
INSERT INTO shopping.true_ip
(ip)
VALUES(NULL);

-- shopping.chat_history definition

CREATE TABLE `chat_history` (
  `cdate` timestamp NULL DEFAULT current_timestamp(),
  `message` text DEFAULT NULL,
  `sender` varchar(100) DEFAULT NULL,
  `userId` varchar(100) DEFAULT NULL,
  KEY `chat_history_userId_IDX` (`userId`) USING BTREE
) ENGINE=InnoDB DEFAULT CHARSET=utf8mb4 COLLATE=utf8mb4_unicode_ci;


-- shopping.comments definition

CREATE TABLE `comments` (
  `commentId` int(11) DEFAULT nextval(`shopping`.`sq_comments`) COMMENT '댓글',
  `rating` int(11) DEFAULT NULL COMMENT '평점',
  `content` text DEFAULT NULL COMMENT '내용',
  `title` varchar(100) DEFAULT NULL COMMENT '제목',
  `productId` varchar(100) DEFAULT NULL COMMENT '제품키',
  `cdate` timestamp NOT NULL DEFAULT current_timestamp(),
  `userId` varchar(100) DEFAULT NULL
) ENGINE=InnoDB DEFAULT CHARSET=utf8mb4 COLLATE=utf8mb4_unicode_ci;


-- shopping.courierCompanyCode definition

CREATE TABLE `courierCompanyCode` (
  `companyName` varchar(100) DEFAULT NULL,
  `companyCode` varchar(100) DEFAULT NULL,
  `international` varchar(100) DEFAULT NULL
) ENGINE=InnoDB DEFAULT CHARSET=utf8mb4 COLLATE=utf8mb4_unicode_ci;


-- shopping.deliveryAddressList definition

CREATE TABLE `deliveryAddressList` (
  `userId` varchar(100) DEFAULT NULL,
  `address` varchar(100) DEFAULT NULL,
  `defaultYn` varchar(100) DEFAULT NULL,
  `phon` varchar(100) DEFAULT NULL,
  `name` varchar(100) DEFAULT NULL,
  `deliveryAddressId` int(11) NOT NULL DEFAULT nextval(`shopping`.`sq_address`),
  `postcode` varchar(100) DEFAULT NULL,
  `detailAddress` varchar(100) DEFAULT '',
  `extraAddress` varchar(100) DEFAULT '',
  PRIMARY KEY (`deliveryAddressId`)
) ENGINE=InnoDB DEFAULT CHARSET=utf8mb4 COLLATE=utf8mb4_unicode_ci;


-- shopping.deliveryDetail definition

CREATE TABLE `deliveryDetail` (
  `productId` varchar(100) DEFAULT NULL,
  `cnt` text DEFAULT NULL,
  `img` varchar(100) DEFAULT NULL,
  `price` int(11) DEFAULT NULL,
  `discount` int(11) DEFAULT NULL,
  `productName` varchar(100) DEFAULT NULL,
  `deliveryId` int(11) DEFAULT NULL
) ENGINE=InnoDB DEFAULT CHARSET=utf8mb4 COLLATE=utf8mb4_unicode_ci;


-- shopping.deliveryList definition

CREATE TABLE `deliveryList` (
  `address` varchar(100) DEFAULT NULL COMMENT '보내는 주소',
  `totalAmount` int(11) DEFAULT NULL COMMENT '총 가격',
  `userId` varchar(100) DEFAULT NULL COMMENT '사용자 아이디',
  `cdate` timestamp NOT NULL DEFAULT current_timestamp() COMMENT '주문 날짜',
  `status` varchar(100) DEFAULT '미결제' COMMENT '주문 상태',
  `deliveryId` int(11) NOT NULL DEFAULT nextval(`shopping`.`sq_delivery`) COMMENT '주문키',
  `name` varchar(100) DEFAULT NULL,
  `phon` varchar(100) DEFAULT NULL,
  `request` varchar(100) DEFAULT NULL,
  `quantity` int(11) DEFAULT NULL,
  `tid` varchar(100) DEFAULT NULL,
  `trackingCode` varchar(100) DEFAULT NULL,
  `companyName` varchar(100) DEFAULT NULL,
  PRIMARY KEY (`deliveryId`)
) ENGINE=InnoDB DEFAULT CHARSET=utf8mb4 COLLATE=utf8mb4_unicode_ci;


-- shopping.products definition

CREATE TABLE `products` (
  `productName` varchar(100) DEFAULT NULL COMMENT '제품이름',
  `price` bigint(20) DEFAULT NULL COMMENT '가격',
  `category` varchar(100) DEFAULT NULL COMMENT '제품유형',
  `explanation` varchar(100) DEFAULT NULL COMMENT '제풀설명',
  `productId` varchar(100) DEFAULT NULL COMMENT '제품 고유값',
  `saleYn` varchar(100) DEFAULT 'Y' COMMENT '판매여부',
  `img` varchar(100) DEFAULT NULL,
  `discount` int(11) DEFAULT 0 COMMENT '할인가',
  `numberOfSalse` bigint(20) DEFAULT 0 COMMENT '판매개수',
  `smallCategory` varchar(100) DEFAULT NULL,
  `cnt` text DEFAULT NULL
) ENGINE=InnoDB DEFAULT CHARSET=utf8mb4 COLLATE=utf8mb4_unicode_ci;


-- shopping.replay definition

CREATE TABLE `replay` (
  `replayId` varchar(100) DEFAULT NULL,
  `commentId` varchar(100) DEFAULT NULL,
  `content` text DEFAULT NULL,
  `writeId` varchar(100) DEFAULT NULL COMMENT '작성자'
) ENGINE=InnoDB DEFAULT CHARSET=utf8mb4 COLLATE=utf8mb4_unicode_ci;


-- shopping.tmpCart definition

CREATE TABLE `tmpCart` (
  `userId` varchar(100) DEFAULT NULL,
  `productId` varchar(100) DEFAULT NULL,
  `cnt` text DEFAULT NULL,
  `keyData` varchar(100) DEFAULT NULL
) ENGINE=InnoDB DEFAULT CHARSET=utf8mb4 COLLATE=utf8mb4_unicode_ci;


-- shopping.`user` definition

CREATE TABLE `user` (
  `name` varchar(100) DEFAULT NULL COMMENT '이름',
  `userId` varchar(100) DEFAULT NULL COMMENT '아이디',
  `address` varchar(100) DEFAULT NULL COMMENT '주소',
  `phonNumber` varchar(100) DEFAULT NULL COMMENT '핸드폰 번호',
  `gender` varchar(100) DEFAULT NULL COMMENT '성별',
  `password` varchar(100) DEFAULT NULL COMMENT '비밀번호',
  `yyyymmdd` date DEFAULT NULL COMMENT '생년월일',
  `email` varchar(100) DEFAULT NULL COMMENT '이메일',
  `deleteYn` varchar(100) DEFAULT 'N' COMMENT '삭제여부',
  `postcode` varchar(100) DEFAULT NULL,
  `detailAddress` varchar(100) DEFAULT NULL,
  `extraAddress` varchar(100) DEFAULT NULL,
  `partnerUserId` varchar(100) DEFAULT concat('user',nextval(`shopping`.`sq_delivery`))
) ENGINE=InnoDB DEFAULT CHARSET=utf8mb4 COLLATE=utf8mb4_unicode_ci;



INSERT INTO shopping.`user` (name,userId,address,phonNumber,gender,password,yyyymmdd,email,deleteYn,postcode,detailAddress,extraAddress,partnerUserId) VALUES
	 ('유덕수','deoksu','서울 성북구 보문동5가 171','010-1234-5678','여성','deoksu','1993-06-10','dlstn153@naver.com','N','02872','205호','','user0'),
	 ('홍길동','yds','서울 성북구 보문동5가 171','010-1234-5678','여성','yds','1993-06-10','dlstn153@naver.com','N','02872','205호','','user0'),
	 ('짱구','aaa','서울 성북구 보문동5가 171','010-1234-5678','여성','aaa','1993-06-10','dlstn153@naver.com','N','02872','205호','','user0'),
	 ('철수','ccc','서울 성북구 보문동5가 171','010-1234-5678','여성','ccc','1993-06-10','dlstn153@naver.com','N','02872','205호','','user0'),
	 ('맹구','ddd','서울 성북구 보문동5가 171','010-1234-5678','여성','ddd','1993-06-10','dlstn153@naver.com','N','02872','205호','','user0');



INSERT INTO shopping.cart (userId,productId,cnt) VALUES
	 ('deoksu','3508111_17288903917818_big','{"000000":{"90":0,"95":0,"100":1},"ff0000":{"90":0,"95":1,"100":0},"e8e8e8":{"90":2,"95":0,"100":0}}'),
	 ('deoksu','4766575_17394080726770_big','{"000000":{"90":0,"95":0,"100":0},"ff0000":{"90":0,"95":0,"100":0},"e8e8e8":{"90":1,"95":0,"100":0}}'),
	 ('deoksu','4881620_17426324473175_big','{"000000":{"90":0,"95":0,"100":0},"ff0000":{"90":1,"95":0,"100":0},"e8e8e8":{"90":0,"95":0,"100":0}}');



INSERT INTO shopping.chat_history (cdate,message,sender,userId) VALUES
	 ('2025-06-11 23:03:21','1','admin','deoksu'),
	 ('2025-06-11 23:03:21','2','admin','deoksu'),
	 ('2025-06-11 23:03:21','3','admin','deoksu'),
	 ('2025-06-11 23:03:21','4','admin','deoksu'),
	 ('2025-06-11 23:03:22','5','admin','deoksu');



INSERT INTO shopping.comments (commentId,rating,content,title,productId,cdate,userId) VALUES
	 (1,3,'노스텔지아 피그먼트 티셔츠_라이트그레이','1','4374423_17271469737372_big','2025-05-22 04:15:02','deoksu'),
	 (8,1,'노스텔지아 피그먼트 티셔츠_라이트그레이','1','4374423_17271469737372_big','2025-05-22 06:36:44','1'),
	 (9,2,'노스텔지아 피그먼트 티셔츠_라이트그레이','1','4374423_17271469737372_big','2025-05-22 06:36:44','2');


INSERT INTO shopping.courierCompanyCode (companyName,companyCode,international) VALUES
	 ('우체국택배','01','false'),
	 ('두발히어로','89','false'),
	 ('CJ대한통운','04','false'),
	 ('한진택배','05','false'),
	 ('로젠택배','06','false'),
	 ('롯데택배','08','false'),
	 ('SBGLS','111','true'),
	 ('1004홈','112','false'),
	 ('썬더히어로','113','false'),
	 ('캐나다쉬핑','114','true');
INSERT INTO shopping.courierCompanyCode (companyName,companyCode,international) VALUES
	 ('(주)팀프레시','116','false'),
	 ('YUNDA EXPRESS','117','true'),
	 ('위니아딤채','90','false'),
	 ('롯데칠성','118','false'),
	 ('하이브시티','91','true'),
	 ('핑퐁','119','false'),
	 ('지니고 당일배송','92','false'),
	 ('팬스타국제특송(PIEX)','93','true'),
	 ('카카오 T 당일배송','94','false'),
	 ('트랙스로지스','95','false');
INSERT INTO shopping.courierCompanyCode (companyName,companyCode,international) VALUES
	 ('에이씨티앤코아물류','97','true'),
	 ('일양로지스','11','false'),
	 ('롯데택배 해외특송','99','true'),
	 ('EMS','12','true'),
	 ('DHL','13','true'),
	 ('UPS','14','true'),
	 ('한의사랑택배','16','false'),
	 ('천일택배','17','false'),
	 ('건영택배','18','false'),
	 ('발렉스 특수물류','120','false');
INSERT INTO shopping.courierCompanyCode (companyName,companyCode,international) VALUES
	 ('바바바(bababa)','121','true'),
	 ('BAIMA EXPRESS','122','true'),
	 ('엔티엘피스','123','false'),
	 ('LTL','124','true'),
	 ('지케이글로벌','125','false'),
	 ('로지스팟','127','false'),
	 ('판월드로지스틱','128','true'),
	 ('홈픽 오늘도착','129','false'),
	 ('한덱스','20','false'),
	 ('Fedex','21','true');
INSERT INTO shopping.courierCompanyCode (companyName,companyCode,international) VALUES
	 ('대신택배','22','false'),
	 ('경동택배','23','false'),
	 ('GS Postbox 택배','24','false'),
	 ('TNT Express','25','true'),
	 ('USPS','26','true'),
	 ('GSMNtoN','28','true'),
	 ('로지스파트너','130','false'),
	 ('딜리래빗','131','false'),
	 ('지오피','132','false'),
	 ('에이치케이홀딩스','134','false');
INSERT INTO shopping.courierCompanyCode (companyName,companyCode,international) VALUES
	 ('HTNS','135','false'),
	 ('케이제이티','136','false'),
	 ('더바오','137','false'),
	 ('라스트마일','138','false'),
	 ('KGL네트웍스','30','true'),
	 ('합동택배','32','false'),
	 ('LX판토스','37','true'),
	 ('ECMS Express','38','true'),
	 ('직구문','140','true'),
	 ('인터로지스','141','true');
INSERT INTO shopping.courierCompanyCode (companyName,companyCode,international) VALUES
	 ('탱고앤고','142','false'),
	 ('투데이','143','false'),
	 ('큐브플로우(CUBEFLOW)','144','true'),
	 ('현대글로비스','145','false'),
	 ('국제로지스틱(KSE)','146','true'),
	 ('에스더쉬핑','147','true'),
	 ('ARGO(테크타카)','148','false'),
	 ('골드스넵스','149','true'),
	 ('GSI Express','41','true'),
	 ('CJ대한통운 국제특송','42','true');
INSERT INTO shopping.courierCompanyCode (companyName,companyCode,international) VALUES
	 ('애니트랙','43','false'),
	 ('SLX택배','44','false'),
	 ('우리택배(구호남택배)','45','false'),
	 ('CU편의점택배','46','false'),
	 ('우리한방택배','47','false'),
	 ('ACI Express','48','true'),
	 ('A.C.E EXPRESS INC','49','true'),
	 ('자이언트','151','true'),
	 ('엠티인터내셔널','152','true'),
	 ('이지로지스틱','153','true');
INSERT INTO shopping.courierCompanyCode (companyName,companyCode,international) VALUES
	 ('케이티익스프레스','154','true'),
	 ('HY','155','false'),
	 ('유피로지스(제주)','156','false'),
	 ('우진인터로지스','157','false'),
	 ('AusPost','158','true'),
	 ('삼다수 가정배송','159','false'),
	 ('GPS Logix','50','true'),
	 ('성원글로벌카고','51','true'),
	 ('농협택배','53','false'),
	 ('홈픽택배','54','false');
INSERT INTO shopping.courierCompanyCode (companyName,companyCode,international) VALUES
	 ('EuroParcel','55','true'),
	 ('와이드테크','160','false'),
	 ('SAP EXPRESS','162','true'),
	 ('위니온','163','false'),
	 ('ICS LOGISTICS(아이씨에스 로지스틱스)','164','true'),
	 ('서림특송','165','true'),
	 ('Rincos','166','true'),
	 ('딜리박스','167','false'),
	 ('이스트라','168','false'),
	 ('JNT','169','true');
INSERT INTO shopping.courierCompanyCode (companyName,companyCode,international) VALUES
	 ('YJS글로벌(영국)','60','true'),
	 ('은하쉬핑','63','true'),
	 ('YJS글로벌(월드)','65','true'),
	 ('Giant Network Group','66','true'),
	 ('대림통운','69','true'),
	 ('유피로지스','170','false'),
	 ('올인닷컴','171','false'),
	 ('물류대장(LCS)','173','false'),
	 ('풀무원샘물㈜','175','false'),
	 ('티에스지로지스','177','true');
INSERT INTO shopping.courierCompanyCode (companyName,companyCode,international) VALUES
	 ('SLO(모든)','179','false'),
	 ('LOTOS CORPORATION','70','true'),
	 ('IK물류','71','false'),
	 ('성훈물류','72','false'),
	 ('CR로지텍','73','false'),
	 ('용마로지스','74','false'),
	 ('원더스퀵','75','false'),
	 ('LineExpress','77','true'),
	 ('지씨에스','182','true'),
	 ('퍼시스홀딩스','183','false');
INSERT INTO shopping.courierCompanyCode (companyName,companyCode,international) VALUES
	 ('JCLS','184','false'),
	 ('윤익스프레스(YunExpress)','185','true'),
	 ('나은물류','100','false'),
	 ('한샘서비스원','101','false'),
	 ('배송하기좋은날 (SHIPNERGY)','102','true'),
	 ('NDEX KOREA','103','false'),
	 ('도도플렉스(dodoflex)','104','false'),
	 ('브릿지로지스㈜','105','true'),
	 ('LG전자','107','false'),
	 ('MEXGLOBAL','108','true');
INSERT INTO shopping.courierCompanyCode (companyName,companyCode,international) VALUES
	 ('제니엘시스템','81','true'),
	 ('컬리넥스트마일','82','false'),
	 ('스마트로지스','84','true'),
	 ('풀앳홈','85','false'),
	 ('이투마스(ETOMARS)','87','true');



INSERT INTO shopping.deliveryAddressList (userId,address,defaultYn,phon,name,deliveryAddressId,postcode,detailAddress,extraAddress) VALUES
	 ('deoksu','서울 성북구 보문동5가 171','Y','010-1234-5678','유덕수',1,'02872','',''),
	 ('deoksu','서울 성북구 삼선동2가 420','N','010-1234-1234','홍길동',2,'02875','','');



INSERT INTO shopping.deliveryDetail (productId,cnt,img,price,discount,productName,deliveryId) VALUES
	 ('4881620_17426324473175_big','{"000000":{"90":0,"95":0,"100":0},"ff0000":{"90":1,"95":0,"100":0},"e8e8e8":{"90":0,"95":0,"100":0}}','4881620_17426324473175_big.webp',48600,10,'[아노블리어 x QWER 마젠타] 베이스 로드투어 티셔츠 [멜란지]',1),
	 ('3508111_17288903917818_big','{"000000":{"90":0,"95":0,"100":1},"ff0000":{"90":0,"95":1,"100":0},"e8e8e8":{"90":2,"95":0,"100":0}}','3508111_17288903917818_big.webp',169000,0,'[무료반품]여성 픽토르U 구스다운 경량패딩 (IVORY)',1),
	 ('4766575_17394080726770_big','{"000000":{"90":0,"95":0,"100":0},"ff0000":{"90":0,"95":0,"100":0},"e8e8e8":{"90":1,"95":0,"100":0}}','4766575_17394080726770_big.webp',40300,5,'사이드 배색 오버핏 후디_인디핑크',1),
	 ('4881620_17426324473175_big','{"000000":{"90":0,"95":0,"100":0},"ff0000":{"90":1,"95":0,"100":0},"e8e8e8":{"90":0,"95":0,"100":0}}','4881620_17426324473175_big.webp',48600,10,'[아노블리어 x QWER 마젠타] 베이스 로드투어 티셔츠 [멜란지]',2),
	 ('3508111_17288903917818_big','{"000000":{"90":0,"95":0,"100":1},"ff0000":{"90":0,"95":1,"100":0},"e8e8e8":{"90":2,"95":0,"100":0}}','3508111_17288903917818_big.webp',169000,0,'[무료반품]여성 픽토르U 구스다운 경량패딩 (IVORY)',2),
	 ('4766575_17394080726770_big','{"000000":{"90":0,"95":0,"100":0},"ff0000":{"90":0,"95":0,"100":0},"e8e8e8":{"90":1,"95":0,"100":0}}','4766575_17394080726770_big.webp',40300,5,'사이드 배색 오버핏 후디_인디핑크',2),
	 ('4881620_17426324473175_big','{"000000":{"90":0,"95":0,"100":0},"ff0000":{"90":1,"95":0,"100":0},"e8e8e8":{"90":0,"95":0,"100":0}}','4881620_17426324473175_big.webp',48600,10,'[아노블리어 x QWER 마젠타] 베이스 로드투어 티셔츠 [멜란지]',3),
	 ('3508111_17288903917818_big','{"000000":{"90":0,"95":0,"100":1},"ff0000":{"90":0,"95":1,"100":0},"e8e8e8":{"90":2,"95":0,"100":0}}','3508111_17288903917818_big.webp',169000,0,'[무료반품]여성 픽토르U 구스다운 경량패딩 (IVORY)',3),
	 ('4881620_17426324473175_big','{"000000":{"90":0,"95":0,"100":0},"ff0000":{"90":1,"95":0,"100":0},"e8e8e8":{"90":0,"95":0,"100":0}}','4881620_17426324473175_big.webp',48600,10,'[아노블리어 x QWER 마젠타] 베이스 로드투어 티셔츠 [멜란지]',5),
	 ('3508111_17288903917818_big','{"000000":{"90":0,"95":0,"100":1},"ff0000":{"90":0,"95":1,"100":0},"e8e8e8":{"90":2,"95":0,"100":0}}','3508111_17288903917818_big.webp',169000,0,'[무료반품]여성 픽토르U 구스다운 경량패딩 (IVORY)',5);
INSERT INTO shopping.deliveryDetail (productId,cnt,img,price,discount,productName,deliveryId) VALUES
	 ('4766575_17394080726770_big','{"000000":{"90":0,"95":0,"100":0},"ff0000":{"90":0,"95":0,"100":0},"e8e8e8":{"90":1,"95":0,"100":0}}','4766575_17394080726770_big.webp',40300,5,'사이드 배색 오버핏 후디_인디핑크',5),
	 ('4881620_17426324473175_big','{"000000":{"90":0,"95":0,"100":0},"ff0000":{"90":1,"95":0,"100":0},"e8e8e8":{"90":0,"95":0,"100":0}}','4881620_17426324473175_big.webp',48600,10,'[아노블리어 x QWER 마젠타] 베이스 로드투어 티셔츠 [멜란지]',4),
	 ('3508111_17288903917818_big','{"000000":{"90":0,"95":0,"100":1},"ff0000":{"90":0,"95":1,"100":0},"e8e8e8":{"90":2,"95":0,"100":0}}','3508111_17288903917818_big.webp',169000,0,'[무료반품]여성 픽토르U 구스다운 경량패딩 (IVORY)',4),
	 ('4766575_17394080726770_big','{"000000":{"90":0,"95":0,"100":0},"ff0000":{"90":0,"95":0,"100":0},"e8e8e8":{"90":1,"95":0,"100":0}}','4766575_17394080726770_big.webp',40300,5,'사이드 배색 오버핏 후디_인디핑크',4),
	 ('4881620_17426324473175_big','{"000000":{"90":0,"95":0,"100":0},"ff0000":{"90":1,"95":0,"100":0},"e8e8e8":{"90":0,"95":0,"100":0}}','4881620_17426324473175_big.webp',48600,10,'[아노블리어 x QWER 마젠타] 베이스 로드투어 티셔츠 [멜란지]',6),
	 ('3508111_17288903917818_big','{"000000":{"90":0,"95":0,"100":1},"ff0000":{"90":0,"95":1,"100":0},"e8e8e8":{"90":2,"95":0,"100":0}}','3508111_17288903917818_big.webp',169000,0,'[무료반품]여성 픽토르U 구스다운 경량패딩 (IVORY)',6),
	 ('4766575_17394080726770_big','{"000000":{"90":0,"95":0,"100":0},"ff0000":{"90":0,"95":0,"100":0},"e8e8e8":{"90":1,"95":0,"100":0}}','4766575_17394080726770_big.webp',40300,5,'사이드 배색 오버핏 후디_인디핑크',6),
	 ('4881620_17426324473175_big','{"000000":{"90":0,"95":0,"100":0},"ff0000":{"90":1,"95":0,"100":0},"e8e8e8":{"90":0,"95":0,"100":0}}','4881620_17426324473175_big.webp',48600,10,'[아노블리어 x QWER 마젠타] 베이스 로드투어 티셔츠 [멜란지]',7),
	 ('3508111_17288903917818_big','{"000000":{"90":0,"95":0,"100":1},"ff0000":{"90":0,"95":1,"100":0},"e8e8e8":{"90":2,"95":0,"100":0}}','3508111_17288903917818_big.webp',169000,0,'[무료반품]여성 픽토르U 구스다운 경량패딩 (IVORY)',7),
	 ('4766575_17394080726770_big','{"000000":{"90":0,"95":0,"100":0},"ff0000":{"90":0,"95":0,"100":0},"e8e8e8":{"90":1,"95":0,"100":0}}','4766575_17394080726770_big.webp',40300,5,'사이드 배색 오버핏 후디_인디핑크',7);
INSERT INTO shopping.deliveryDetail (productId,cnt,img,price,discount,productName,deliveryId) VALUES
	 ('4881620_17426324473175_big','{"000000":{"90":0,"95":0,"100":0},"ff0000":{"90":1,"95":0,"100":0},"e8e8e8":{"90":0,"95":0,"100":0}}','4881620_17426324473175_big.webp',48600,10,'[아노블리어 x QWER 마젠타] 베이스 로드투어 티셔츠 [멜란지]',8),
	 ('3508111_17288903917818_big','{"000000":{"90":0,"95":0,"100":1},"ff0000":{"90":0,"95":1,"100":0},"e8e8e8":{"90":2,"95":0,"100":0}}','3508111_17288903917818_big.webp',169000,0,'[무료반품]여성 픽토르U 구스다운 경량패딩 (IVORY)',8),
	 ('4766575_17394080726770_big','{"000000":{"90":0,"95":0,"100":0},"ff0000":{"90":0,"95":0,"100":0},"e8e8e8":{"90":1,"95":0,"100":0}}','4766575_17394080726770_big.webp',40300,5,'사이드 배색 오버핏 후디_인디핑크',8),
	 ('4881620_17426324473175_big','{"000000":{"90":0,"95":0,"100":0},"ff0000":{"90":1,"95":0,"100":0},"e8e8e8":{"90":0,"95":0,"100":0}}','4881620_17426324473175_big.webp',48600,10,'[아노블리어 x QWER 마젠타] 베이스 로드투어 티셔츠 [멜란지]',9),
	 ('3508111_17288903917818_big','{"000000":{"90":0,"95":0,"100":1},"ff0000":{"90":0,"95":1,"100":0},"e8e8e8":{"90":2,"95":0,"100":0}}','3508111_17288903917818_big.webp',169000,0,'[무료반품]여성 픽토르U 구스다운 경량패딩 (IVORY)',9),
	 ('4766575_17394080726770_big','{"000000":{"90":0,"95":0,"100":0},"ff0000":{"90":0,"95":0,"100":0},"e8e8e8":{"90":1,"95":0,"100":0}}','4766575_17394080726770_big.webp',40300,5,'사이드 배색 오버핏 후디_인디핑크',9),
	 ('4881620_17426324473175_big','{"000000":{"90":0,"95":0,"100":0},"ff0000":{"90":1,"95":0,"100":0},"e8e8e8":{"90":0,"95":0,"100":0}}','4881620_17426324473175_big.webp',48600,10,'[아노블리어 x QWER 마젠타] 베이스 로드투어 티셔츠 [멜란지]',10),
	 ('3508111_17288903917818_big','{"000000":{"90":0,"95":0,"100":1},"ff0000":{"90":0,"95":1,"100":0},"e8e8e8":{"90":2,"95":0,"100":0}}','3508111_17288903917818_big.webp',169000,0,'[무료반품]여성 픽토르U 구스다운 경량패딩 (IVORY)',10),
	 ('4766575_17394080726770_big','{"000000":{"90":0,"95":0,"100":0},"ff0000":{"90":0,"95":0,"100":0},"e8e8e8":{"90":1,"95":0,"100":0}}','4766575_17394080726770_big.webp',40300,5,'사이드 배색 오버핏 후디_인디핑크',10),
	 ('4881620_17426324473175_big','{"000000":{"90":0,"95":0,"100":0},"ff0000":{"90":1,"95":0,"100":0},"e8e8e8":{"90":0,"95":0,"100":0}}','4881620_17426324473175_big.webp',48600,10,'[아노블리어 x QWER 마젠타] 베이스 로드투어 티셔츠 [멜란지]',11);
INSERT INTO shopping.deliveryDetail (productId,cnt,img,price,discount,productName,deliveryId) VALUES
	 ('3508111_17288903917818_big','{"000000":{"90":0,"95":0,"100":1},"ff0000":{"90":0,"95":1,"100":0},"e8e8e8":{"90":2,"95":0,"100":0}}','3508111_17288903917818_big.webp',169000,0,'[무료반품]여성 픽토르U 구스다운 경량패딩 (IVORY)',11),
	 ('4766575_17394080726770_big','{"000000":{"90":0,"95":0,"100":0},"ff0000":{"90":0,"95":0,"100":0},"e8e8e8":{"90":1,"95":0,"100":0}}','4766575_17394080726770_big.webp',40300,5,'사이드 배색 오버핏 후디_인디핑크',11),
	 ('4881620_17426324473175_big','{"000000":{"90":0,"95":0,"100":0},"ff0000":{"90":1,"95":0,"100":0},"e8e8e8":{"90":0,"95":0,"100":0}}','4881620_17426324473175_big.webp',48600,10,'[아노블리어 x QWER 마젠타] 베이스 로드투어 티셔츠 [멜란지]',12),
	 ('3508111_17288903917818_big','{"000000":{"90":0,"95":0,"100":1},"ff0000":{"90":0,"95":1,"100":0},"e8e8e8":{"90":2,"95":0,"100":0}}','3508111_17288903917818_big.webp',169000,0,'[무료반품]여성 픽토르U 구스다운 경량패딩 (IVORY)',12),
	 ('4766575_17394080726770_big','{"000000":{"90":0,"95":0,"100":0},"ff0000":{"90":0,"95":0,"100":0},"e8e8e8":{"90":1,"95":0,"100":0}}','4766575_17394080726770_big.webp',40300,5,'사이드 배색 오버핏 후디_인디핑크',12);




INSERT INTO shopping.deliveryList (address,totalAmount,userId,cdate,status,deliveryId,name,phon,request,quantity,tid,trackingCode,companyName) VALUES
	 ('서울 성북구 보문동5가 171 ',758025,'deoksu','2025-05-13 22:20:06','결제취소',1,'유덕수','010-1234-5678','배송 요청사항 없습니다',6,'T8234905308b2a748cb3','91198159824','로젠택배'),
	 ('서울 성북구 보문동5가 171 ',758025,'deoksu','2025-05-13 22:20:18','배송중',2,'유덕수','010-1234-5678','배송 요청사항 없습니다',6,'T8234712555b0f374964','91198159824','로젠택배'),
	 ('서울 성북구 보문동5가 171 ',758025,'deoksu','2025-05-14 00:32:39','결제완료',3,'유덕수','010-1234-5678','배송 요청사항 없습니다',6,'T838d00e01c2141f3c6e','91198159824','로젠택배'),
	 ('서울 성북구 보문동5가 171  ',758025,'deoksu','2025-06-03 13:48:57','미결제',4,'유덕수','010-1234-5678','배송 요청사항 없습니다',6,'T83e7eb901c2141f5c9d',NULL,NULL),
	 ('서울 성북구 보문동5가 171  ',758025,'deoksu','2025-05-16 07:20:31','결제완료',5,'유덕수','010-1234-5678','택배함에 넣어주세요',6,'T82668af555b0f375a12','91198159824','로젠택배'),
	 ('서울 성북구 보문동5가 171  ',758025,'deoksu','2025-06-03 13:51:41','미결제',6,'유덕수','010-1234-5678','배송 요청사항 없습니다',6,'T83e7f5d54190cbc7b04',NULL,NULL),
	 ('서울 성북구 보문동5가 171  ',758025,'deoksu','2025-06-03 13:58:52','미결제',7,'유덕수','010-1234-5678','배송 요청사항 없습니다',6,'T83e810c54190cbc7b08',NULL,NULL),
	 ('서울 성북구 보문동5가 171  ',758025,'deoksu','2025-06-03 14:03:20','미결제',8,'유덕수','010-1234-5678','배송 요청사항 없습니다',6,'T83e821854190cbc7b0b',NULL,NULL),
	 ('서울 성북구 보문동5가 171  ',758025,'deoksu','2025-06-03 14:04:55','미결제',9,'유덕수','010-1234-5678','배송 요청사항 없습니다',6,'T83e827754190cbc7b0c',NULL,NULL),
	 ('서울 성북구 보문동5가 171  ',758025,'deoksu','2025-06-03 14:16:12','미결제',10,'유덕수','010-1234-5678','배송 요청사항 없습니다',6,'T83e851c54190cbc7b15',NULL,NULL);
INSERT INTO shopping.deliveryList (address,totalAmount,userId,cdate,status,deliveryId,name,phon,request,quantity,tid,trackingCode,companyName) VALUES
	 ('서울 성북구 보문동5가 171  ',758025,'deoksu','2025-06-03 14:17:31','결제완료',11,'유덕수','010-1234-5678','배송 요청사항 없습니다',6,'T83e856b54190cbc7b17',NULL,NULL),
	 ('서울 성북구 보문동5가 171  ',758025,'deoksu','2025-06-03 14:21:37','결제완료',12,'유덕수','010-1234-5678','배송 요청사항 없습니다',6,'T83e866154190cbc7b1b',NULL,NULL);



INSERT INTO shopping.products (productName,price,category,explanation,productId,saleYn,img,discount,numberOfSalse,smallCategory,cnt) VALUES
	 ('노스텔지아 피그먼트 티셔츠_라이트그레이',27300,'상의','노스텔지아 피그먼트 티셔츠_라이트그레이','4374423_17271469737372_big','Y','4374423_17271469737372_big.webp',30,563,'반팔','{"000000":{"90":0,"95":0,"100":0},"ff0000":{"90":0,"95":0,"100":10},"e8e8e8":{"90":0,"95":50,"100":100}}'),
	 ('풋볼 져지 티셔츠_네이비',29000,'상의','풋볼 져지 티셔츠_네이비','3901715_17108143998484_big','Y','3901715_17108143998484_big.webp',26,465,'반팔','{"000000":{"90":0,"95":0,"100":0},"ff0000":{"90":0,"95":0,"100":10},"e8e8e8":{"90":0,"95":50,"100":100}}'),
	 ('시그니처 코튼 머슬핏 티셔츠 NSTS01',33300,'상의','시그니처 코튼 머슬핏 티셔츠 NSTS01','2628632_17407233821773_big','Y','2628632_17407233821773_big.webp',10,876,'반팔','{"000000":{"90":0,"95":0,"100":0},"ff0000":{"90":0,"95":0,"100":10},"e8e8e8":{"90":0,"95":50,"100":100}}'),
	 ('[무료반품]드라이 핏 피트니스 티셔츠 M - 블랙:매트 실버 / DX0990-010',39000,'상의','[무료반품]드라이 핏 피트니스 티셔츠 M - 블랙:매트 실버 / DX0990-010','4208147_17199746114963_big','Y','4208147_17199746114963_big.webp',0,256,'반팔','{"000000":{"90":0,"95":0,"100":0},"ff0000":{"90":0,"95":0,"100":10},"e8e8e8":{"90":0,"95":50,"100":100}}'),
	 ('어게인스트 자수 반소매 티 [블랙]',19800,'상의','어게인스트 자수 반소매 티 [블랙]','3264211_16886110347432_big','Y','3264211_16886110347432_big.webp',30,56,'반팔','{"000000":{"90":0,"95":0,"100":0},"ff0000":{"90":0,"95":0,"100":10},"e8e8e8":{"90":0,"95":50,"100":100}}'),
	 ('DOODLE HEART RINGER HALF T WHITE',47200,'상의','DOODLE HEART RINGER HALF T WHITE','4280724_17231718010989_big','Y','4280724_17231718010989_big.webp',20,654,'반팔','{"000000":{"90":0,"95":0,"100":0},"ff0000":{"90":0,"95":0,"100":10},"e8e8e8":{"90":0,"95":50,"100":100}}'),
	 ('Ssance Unbalanced Line Stitch T-Shirt - 5COL',17500,'상의','Ssance Unbalanced Line Stitch T-Shirt - 5COL','3988881_17169775711323_big','Y','3988881_17169775711323_big.webp',50,78643,'반팔','{"000000":{"90":0,"95":0,"100":0},"ff0000":{"90":0,"95":0,"100":10},"e8e8e8":{"90":0,"95":50,"100":100}}'),
	 ('글로브 라운드 오버 반팔티셔츠_차콜',19900,'상의','글로브 라운드 오버 반팔티셔츠_차콜','3969182_17108433545879_big','Y','3969182_17108433545879_big.webp',50,48,'반팔','{"000000":{"90":0,"95":0,"100":0},"ff0000":{"90":0,"95":0,"100":10},"e8e8e8":{"90":0,"95":50,"100":100}}'),
	 ('[아노블리어 x QWER 마젠타] 베이스 로드투어 티셔츠 [멜란지]',48600,'상의','[아노블리어 x QWER 마젠타] 베이스 로드투어 티셔츠 [멜란지]','4881620_17426324473175_big','Y','4881620_17426324473175_big.webp',10,35,'반팔','{"000000":{"90":0,"95":0,"100":0},"ff0000":{"90":0,"95":0,"100":10},"e8e8e8":{"90":0,"95":50,"100":100}}'),
	 ('WXT047 프릴 레이어드 스퀘어넥 숏슬리브 (IVORY)',39600,'상의','WXT047 프릴 레이어드 스퀘어넥 숏슬리브 (IVORY)','4762535_17401170426180_big','Y','4762535_17401170426180_big.webp',10,56891,'반팔','{"000000":{"90":0,"95":0,"100":0},"ff0000":{"90":0,"95":0,"100":10},"e8e8e8":{"90":0,"95":50,"100":100}}');
INSERT INTO shopping.products (productName,price,category,explanation,productId,saleYn,img,discount,numberOfSalse,smallCategory,cnt) VALUES
	 ('MOUVEMENT W QUILTING JACKET navy',199000,'상의','MOUVEMENT W QUILTING JACKET navy','4366116_17259582284606_big','Y','4366116_17259582284606_big.webp',0,786687,'패딩','{"000000":{"90":0,"95":0,"100":0},"ff0000":{"90":0,"95":0,"100":10},"e8e8e8":{"90":0,"95":50,"100":100}}'),
	 ('우먼즈 글램 라이트 패딩 자켓(3color)',80910,'상의','우먼즈 글램 라이트 패딩 자켓(3color)','4525403_17304273435520_big','Y','4525403_17304273435520_big.webp',10,645,'패딩','{"000000":{"90":0,"95":0,"100":0},"ff0000":{"90":0,"95":0,"100":10},"e8e8e8":{"90":0,"95":50,"100":100}}'),
	 ('사이드 지퍼 경량 패딩 자켓(5 color)',39900,'상의','사이드 지퍼 경량 패딩 자켓(5 color)','3053960_16752454635725_big','Y','3053960_16752454635725_big.webp',76,5,'패딩','{"000000":{"90":0,"95":0,"100":0},"ff0000":{"90":0,"95":0,"100":10},"e8e8e8":{"90":0,"95":50,"100":100}}'),
	 ('(woman)이지 푸퍼 크롭 숏패딩_4Color',49900,'상의','(woman)이지 푸퍼 크롭 숏패딩_4Color','4597012_17361428853064_big','Y','4597012_17361428853064_big.webp',50,54,'패딩','{"000000":{"90":0,"95":0,"100":0},"ff0000":{"90":0,"95":0,"100":10},"e8e8e8":{"90":0,"95":50,"100":100}}'),
	 ('NOI1522 라이트웨이트 히트 자켓 (베이지)',51200,'상의','NOI1522 라이트웨이트 히트 자켓 (베이지)','4754509_17388250348413_big','Y','4754509_17388250348413_big.webp',20,8456,'패딩','{"000000":{"90":0,"95":0,"100":0},"ff0000":{"90":0,"95":0,"100":10},"e8e8e8":{"90":0,"95":50,"100":100}}'),
	 ('[무료반품][남성용] 소냐 오버핏 경량 패딩 퀼팅 자켓 (2컬러)',149900,'상의','[무료반품][남성용] 소냐 오버핏 경량 패딩 퀼팅 자켓 (2컬러)','4667394_17343329677104_big','Y','4667394_17343329677104_big.webp',30,312867,'패딩','{"000000":{"90":0,"95":0,"100":0},"ff0000":{"90":0,"95":0,"100":10},"e8e8e8":{"90":0,"95":50,"100":100}}'),
	 ('탈착 칼라 경량 퀼팅 재킷_SPJAE4TG01',39900,'상의','탈착 칼라 경량 퀼팅 재킷_SPJAE4TG01','4268660_17255021821120_big','Y','4268660_17255021821120_big.webp',50,56789,'패딩','{"000000":{"90":0,"95":0,"100":0},"ff0000":{"90":0,"95":0,"100":10},"e8e8e8":{"90":0,"95":50,"100":100}}'),
	 ('2WAY 오버핏 볼륨 웰론 푸퍼 숏패딩 [블랙]',59800,'상의','2WAY 오버핏 볼륨 웰론 푸퍼 숏패딩 [블랙]','4409101_17358839639215_big','Y','4409101_17358839639215_big.webp',10,576,'패딩','{"000000":{"90":0,"95":0,"100":0},"ff0000":{"90":0,"95":0,"100":10},"e8e8e8":{"90":0,"95":50,"100":100}}'),
	 ('패디드 요트 라이너',83400,'상의','패디드 요트 라이너','4375122_17278512942358_big','Y','4375122_17278512942358_big.webp',40,678,'패딩','{"000000":{"90":0,"95":0,"100":0},"ff0000":{"90":0,"95":0,"100":10},"e8e8e8":{"90":0,"95":50,"100":100}}'),
	 ('[무료반품]여성 픽토르U 구스다운 경량패딩 (IVORY)',169000,'상의','[무료반품]여성 픽토르U 구스다운 경량패딩 (IVORY)','3508111_17288903917818_big','Y','3508111_17288903917818_big.webp',0,456256,'패딩','{"000000":{"90":0,"95":0,"100":0},"ff0000":{"90":0,"95":0,"100":10},"e8e8e8":{"90":0,"95":50,"100":100}}');
INSERT INTO shopping.products (productName,price,category,explanation,productId,saleYn,img,discount,numberOfSalse,smallCategory,cnt) VALUES
	 ('ACHROMATIC_ 텐셀린넨 루즈핏 셔츠 ( 6Color )',27900,'상의','ACHROMATIC_ 텐셀린넨 루즈핏 셔츠 ( 6Color )','3312559_17234263907801_big','Y','3312559_17234263907801_big.webp',50,432137,'셔츠','{"000000":{"90":0,"95":0,"100":0},"ff0000":{"90":0,"95":0,"100":10},"e8e8e8":{"90":0,"95":50,"100":100}}'),
	 ('[무료반품]보나 시그니처 스트라이프 셔츠 (3컬러)',39900,'상의','[무료반품]보나 시그니처 스트라이프 셔츠 (3컬러)','4730037_17386513697640_big','Y','4730037_17386513697640_big.webp',40,456156,'셔츠','{"000000":{"90":0,"95":0,"100":0},"ff0000":{"90":0,"95":0,"100":10},"e8e8e8":{"90":0,"95":50,"100":100}}'),
	 ('우먼즈 오버사이즈 워시드 포플린 셔츠 [화이트]',35890,'상의','우먼즈 오버사이즈 워시드 포플린 셔츠 [화이트]','4053806_17231673796179_big','Y','4053806_17231673796179_big.webp',10,54345,'셔츠','{"000000":{"90":0,"95":0,"100":0},"ff0000":{"90":0,"95":0,"100":10},"e8e8e8":{"90":0,"95":50,"100":100}}'),
	 ('[데일리룸 X 시즈] 멀티 레일 크롭 스트라이프 셔츠 [WHITE] 단품/SET',62400,'상의','[데일리룸 X 시즈] 멀티 레일 크롭 스트라이프 셔츠 [WHITE] 단품/SET','4711530_17373570169020_big','Y','4711530_17373570169020_big.webp',20,654564,'셔츠','{"000000":{"90":0,"95":0,"100":0},"ff0000":{"90":0,"95":0,"100":10},"e8e8e8":{"90":0,"95":50,"100":100}}'),
	 ('스톤 워싱 오버핏 데님 긴팔 셔츠 (BLEACH BLUE)',39800,'상의','스톤 워싱 오버핏 데님 긴팔 셔츠 (BLEACH BLUE)','3461171_16917272518980_big','Y','3461171_16917272518980_big.webp',26,464,'셔츠','{"000000":{"90":0,"95":0,"100":0},"ff0000":{"90":0,"95":0,"100":10},"e8e8e8":{"90":0,"95":50,"100":100}}'),
	 ('SUNLIT CHECK SHIRT_PINK',41650,'상의','SUNLIT CHECK SHIRT_PINK','4803248_17399285417756_big','Y','4803248_17399285417756_big.webp',15,456786,'셔츠','{"000000":{"90":0,"95":0,"100":0},"ff0000":{"90":0,"95":0,"100":10},"e8e8e8":{"90":0,"95":50,"100":100}}'),
	 ('[2PACK] 타임리스 데님 셔츠',49900,'상의','[2PACK] 타임리스 데님 셔츠','4309299_17230928046008_big','Y','4309299_17230928046008_big.webp',38,67677,'셔츠','{"000000":{"90":0,"95":0,"100":0},"ff0000":{"90":0,"95":0,"100":10},"e8e8e8":{"90":0,"95":50,"100":100}}'),
	 ('[무료반품]Steve Oxfort Shirts / WHYWF2311U',44910,'상의','[무료반품]Steve Oxfort Shirts / WHYWF2311U','4227159_17391597941691_big','Y','4227159_17391597941691_big.webp',10,6546,'셔츠','{"000000":{"90":0,"95":0,"100":0},"ff0000":{"90":0,"95":0,"100":10},"e8e8e8":{"90":0,"95":50,"100":100}}'),
	 ('라이크린넨 바이오 반팔 셔츠 ( 6Color )',27900,'상의','라이크린넨 바이오 반팔 셔츠 ( 6Color )','3312549_17151489315908_big','Y','3312549_17151489315908_big.webp',20,5689,'셔츠','{"000000":{"90":0,"95":0,"100":0},"ff0000":{"90":0,"95":0,"100":10},"e8e8e8":{"90":0,"95":50,"100":100}}'),
	 ('[넥타이 SET] 와이드 스트라이프 오버 셔츠',32000,'상의','[넥타이 SET] 와이드 스트라이프 오버 셔츠','4734762_17374526292588_big','Y','4734762_17374526292588_big.webp',36,6426,'셔츠','{"000000":{"90":0,"95":0,"100":0},"ff0000":{"90":0,"95":0,"100":10},"e8e8e8":{"90":0,"95":50,"100":100}}');
INSERT INTO shopping.products (productName,price,category,explanation,productId,saleYn,img,discount,numberOfSalse,smallCategory,cnt) VALUES
	 ('Flying Tigers Heavyweight Sweatshirt Grey',69700,'상의','Flying Tigers Heavyweight Sweatshirt Grey','4750802_17386548081066_big','Y','4750802_17386548081066_big.webp',15,64645,'기타','{"000000":{"90":0,"95":0,"100":0},"ff0000":{"90":0,"95":0,"100":10},"e8e8e8":{"90":0,"95":50,"100":100}}'),
	 ('HARD TWIST HENLEY-NECK KNIT [BLACK]',84550,'상의','HARD TWIST HENLEY-NECK KNIT [BLACK]','4863411_17423481702457_big','Y','4863411_17423481702457_big.webp',5,56445,'기타','{"000000":{"90":0,"95":0,"100":0},"ff0000":{"90":0,"95":0,"100":10},"e8e8e8":{"90":0,"95":50,"100":100}}'),
	 ('배기 핏 후디 - 원더화이트 / JP1073',88990,'상의','배기 핏 후디 - 원더화이트 / JP1073','4803519_17401280448225_big','Y','4803519_17401280448225_big.webp',10,444,'기타','{"000000":{"90":0,"95":0,"100":0},"ff0000":{"90":0,"95":0,"100":10},"e8e8e8":{"90":0,"95":50,"100":100}}'),
	 ('베이직 라운드 골지 티셔츠_화이트',17800,'상의','베이직 라운드 골지 티셔츠_화이트','4766713_17394076716590_big','Y','4766713_17394076716590_big.webp',15,46645,'기타','{"000000":{"90":0,"95":0,"100":0},"ff0000":{"90":0,"95":0,"100":10},"e8e8e8":{"90":0,"95":50,"100":100}}'),
	 ('유니)화섬원단 파이핑 디테일 맨투맨 (LIGHT GREY) [LRRSCTM135M]',12900,'상의','유니)화섬원단 파이핑 디테일 맨투맨 (LIGHT GREY) [LRRSCTM135M]','4698094_17358974331131_big','Y','4698094_17358974331131_big.webp',81,5656,'기타','{"000000":{"90":0,"95":0,"100":0},"ff0000":{"90":0,"95":0,"100":10},"e8e8e8":{"90":0,"95":50,"100":100}}'),
	 ('아디컬러 클래식 3S 티 JN7020',45000,'상의','아디컬러 클래식 3S 티 JN7020','4717608_17368195248083_big','Y','4717608_17368195248083_big.webp',0,64,'기타','{"000000":{"90":0,"95":0,"100":0},"ff0000":{"90":0,"95":0,"100":10},"e8e8e8":{"90":0,"95":50,"100":100}}'),
	 ('70s 3S 스웨트셔츠 - 크림 / IK7867',38990,'상의','70s 3S 스웨트셔츠 - 크림 / IK7867','3328445_16855840026382_big','Y','3328445_16855840026382_big.webp',61,896563,'기타','{"000000":{"90":0,"95":0,"100":0},"ff0000":{"90":0,"95":0,"100":10},"e8e8e8":{"90":0,"95":50,"100":100}}'),
	 ('사이드 배색 오버핏 후디_인디핑크',40300,'상의','사이드 배색 오버핏 후디_인디핑크','4766575_17394080726770_big','Y','4766575_17394080726770_big.webp',5,87,'기타','{"000000":{"90":0,"95":0,"100":0},"ff0000":{"90":0,"95":0,"100":10},"e8e8e8":{"90":0,"95":50,"100":100}}'),
	 ('Chloe V Shirt Top (long ver.) (Deep Charcoal/Stripe)',140600,'상의','Chloe V Shirt Top (long ver.) (Deep Charcoal/Stripe)','4841138_17412437031312_big','Y','4841138_17412437031312_big.webp',5,45679,'기타','{"000000":{"90":0,"95":0,"100":0},"ff0000":{"90":0,"95":0,"100":10},"e8e8e8":{"90":0,"95":50,"100":100}}'),
	 ('[무료반품][장원영 Pick]V NECK COLLAR STRIPE KNIT PULLOVER IVORY',68000,'상의','[무료반품][장원영 Pick]V NECK COLLAR STRIPE KNIT PULLOVER IVORY','4282181_17235081464642_big','Y','4282181_17235081464642_big.webp',20,79845,'기타','{"000000":{"90":0,"95":0,"100":0},"ff0000":{"90":0,"95":0,"100":10},"e8e8e8":{"90":0,"95":50,"100":100}}');
INSERT INTO shopping.products (productName,price,category,explanation,productId,saleYn,img,discount,numberOfSalse,smallCategory,cnt) VALUES
	 ('코튼 카펜터 버뮤다 팬츠 (카모)',52000,'하의','코튼 카펜터 버뮤다 팬츠 (카모)','4137681_17159263647347_big','Y','4137681_17159263647347_big.webp',31,7869,'반바지','{"000000":{"90":0,"95":0,"100":0},"ff0000":{"90":0,"95":0,"100":10},"e8e8e8":{"90":0,"95":50,"100":100}}'),
	 ('컴팩트 멀티 스포츠(짐웨어 러닝 워터) 여성 투인원쇼츠 (4컬러)',27900,'하의','컴팩트 멀티 스포츠(짐웨어 러닝 워터) 여성 투인원쇼츠 (4컬러)','1519464_17186917878660_big','Y','1519464_17186917878660_big.webp',54,786,'반바지','{"000000":{"90":0,"95":0,"100":0},"ff0000":{"90":0,"95":0,"100":10},"e8e8e8":{"90":0,"95":50,"100":100}}'),
	 ('피그먼트 버뮤다 볼디 팬츠_3 Color',35010,'하의','피그먼트 버뮤다 볼디 팬츠_3 Color','4116246_17364060157045_big','Y','4116246_17364060157045_big.webp',10,76796,'반바지','{"000000":{"90":0,"95":0,"100":0},"ff0000":{"90":0,"95":0,"100":10},"e8e8e8":{"90":0,"95":50,"100":100}}'),
	 ('미니멀 트레이닝 essential 원턱 반바지',23900,'하의','미니멀 트레이닝 essential 원턱 반바지','2574822_17090158499686_big','Y','2574822_17090158499686_big.webp',26,7189,'반바지','{"000000":{"90":0,"95":0,"100":0},"ff0000":{"90":0,"95":0,"100":10},"e8e8e8":{"90":0,"95":50,"100":100}}'),
	 ('원턱 밴딩 버뮤다 데님 쇼츠 [인디고]',29800,'하의','원턱 밴딩 버뮤다 데님 쇼츠 [인디고]','4149738_17167874872752_big','Y','4149738_17167874872752_big.webp',20,45643,'반바지','{"000000":{"90":0,"95":0,"100":0},"ff0000":{"90":0,"95":0,"100":10},"e8e8e8":{"90":0,"95":50,"100":100}}'),
	 ('배색 버뮤다 핀턱 하프팬츠 2colors',25900,'하의','배색 버뮤다 핀턱 하프팬츠 2colors','4038450_17132430300297_big','Y','4038450_17132430300297_big.webp',50,6,'반바지','{"000000":{"90":0,"95":0,"100":0},"ff0000":{"90":0,"95":0,"100":10},"e8e8e8":{"90":0,"95":50,"100":100}}'),
	 ('프릴 언발란스 스커트 허리 밴딩 레깅스 바이크 팬츠_2COLOR',26400,'하의','프릴 언발란스 스커트 허리 밴딩 레깅스 바이크 팬츠_2COLOR','4800314_17404703126840_big','Y','4800314_17404703126840_big.webp',20,79798,'반바지','{"000000":{"90":0,"95":0,"100":0},"ff0000":{"90":0,"95":0,"100":10},"e8e8e8":{"90":0,"95":50,"100":100}}'),
	 ('라이크린넨 루즈핏 반바지 ( 5Color )',22900,'하의','라이크린넨 루즈핏 반바지 ( 5Color )','3312534_17188505859760_big','Y','3312534_17188505859760_big.webp',55,154,'반바지','{"000000":{"90":0,"95":0,"100":0},"ff0000":{"90":0,"95":0,"100":10},"e8e8e8":{"90":0,"95":50,"100":100}}'),
	 ('유교 이지 쇼츠 Ugyo Easy Shorts (Black Star)',48000,'하의','유교 이지 쇼츠 Ugyo Easy Shorts (Black Star)','4260003_17286075569764_big','Y','4260003_17286075569764_big.webp',0,4547,'반바지','{"000000":{"90":0,"95":0,"100":0},"ff0000":{"90":0,"95":0,"100":10},"e8e8e8":{"90":0,"95":50,"100":100}}'),
	 ('[무료반품]라우렐 버뮤다 폴리 나일론 하프 팬츠 남녀공용 (4컬러)',39900,'하의','[무료반품]라우렐 버뮤다 폴리 나일론 하프 팬츠 남녀공용 (4컬러)','4169039_17201411913717_big','Y','4169039_17201411913717_big.webp',40,456321,'반바지','{"000000":{"90":0,"95":0,"100":0},"ff0000":{"90":0,"95":0,"100":10},"e8e8e8":{"90":0,"95":50,"100":100}}');
INSERT INTO shopping.products (productName,price,category,explanation,productId,saleYn,img,discount,numberOfSalse,smallCategory,cnt) VALUES
	 ('커브드 밴딩 데님 팬츠 5 COLOR COOSPT237',27500,'하의','커브드 밴딩 데님 팬츠 5 COLOR COOSPT237','3816988_17171271417251_big','Y','3816988_17171271417251_big.webp',50,797,'청바지','{"000000":{"90":0,"95":0,"100":0},"ff0000":{"90":0,"95":0,"100":10},"e8e8e8":{"90":0,"95":50,"100":100}}'),
	 ('유니섹스 사이드 핀턱 벌룬 와이드 데님 팬츠 (연청 틴)',37430,'하의','유니섹스 사이드 핀턱 벌룬 와이드 데님 팬츠 (연청 틴)','4733059_17374345086198_big','Y','4733059_17374345086198_big.webp',25,7928,'청바지','{"000000":{"90":0,"95":0,"100":0},"ff0000":{"90":0,"95":0,"100":10},"e8e8e8":{"90":0,"95":50,"100":100}}'),
	 ('92 그래픽 파라슈트 벌룬핏 데님 팬츠 [샌드 블루]',39800,'하의','92 그래픽 파라슈트 벌룬핏 데님 팬츠 [샌드 블루]','4757532_17389100951526_big','Y','4757532_17389100951526_big.webp',23,798,'청바지','{"000000":{"90":0,"95":0,"100":0},"ff0000":{"90":0,"95":0,"100":10},"e8e8e8":{"90":0,"95":50,"100":100}}'),
	 ('[스트레이트] 데님 팬츠 (워시드 블랙)',31600,'하의','[스트레이트] 데님 팬츠 (워시드 블랙)','3782367_17060628368773_big','Y','3782367_17060628368773_big.webp',60,78,'청바지','{"000000":{"90":0,"95":0,"100":0},"ff0000":{"90":0,"95":0,"100":10},"e8e8e8":{"90":0,"95":50,"100":100}}'),
	 ('와이드 워싱 데님 팬츠 [미디엄 블루]',33800,'하의','와이드 워싱 데님 팬츠 [미디엄 블루]','4150287_17436409453984_big','Y','4150287_17436409453984_big.webp',20,54687,'청바지','{"000000":{"90":0,"95":0,"100":0},"ff0000":{"90":0,"95":0,"100":10},"e8e8e8":{"90":0,"95":50,"100":100}}'),
	 ('DYSFUNCT KEY RING WASHING DENIM PANTS',36900,'하의','DYSFUNCT KEY RING WASHING DENIM PANTS','4072132_17137526006998_big','Y','4072132_17137526006998_big.webp',29,543453,'청바지','{"000000":{"90":0,"95":0,"100":0},"ff0000":{"90":0,"95":0,"100":10},"e8e8e8":{"90":0,"95":50,"100":100}}'),
	 ('벌룬 와이드핏 데님팬츠 (옐로우블루)',62300,'하의','벌룬 와이드핏 데님팬츠 (옐로우블루)','4424071_17294932335219_big','Y','4424071_17294932335219_big.webp',30,9,'청바지','{"000000":{"90":0,"95":0,"100":0},"ff0000":{"90":0,"95":0,"100":10},"e8e8e8":{"90":0,"95":50,"100":100}}'),
	 ('릴렉스 세미와이드 데님 팬츠 [블랙]',37810,'하의','릴렉스 세미와이드 데님 팬츠 [블랙]','4750062_17412427080694_big','Y','4750062_17412427080694_big.webp',43,787,'청바지','{"000000":{"90":0,"95":0,"100":0},"ff0000":{"90":0,"95":0,"100":10},"e8e8e8":{"90":0,"95":50,"100":100}}'),
	 ('CONTOUR POCKET DENIM [BLACK]',59800,'하의','CONTOUR POCKET DENIM [BLACK]','4718119_17385516372339_big','Y','4718119_17385516372339_big.webp',17,97,'청바지','{"000000":{"90":0,"95":0,"100":0},"ff0000":{"90":0,"95":0,"100":10},"e8e8e8":{"90":0,"95":50,"100":100}}'),
	 ('Thin Bootscut Pants WASHING BLUE',52800,'하의','Thin Bootscut Pants WASHING BLUE','3950245_17422582644603_big','Y','3950245_17422582644603_big.webp',20,45674,'청바지','{"000000":{"90":0,"95":0,"100":0},"ff0000":{"90":0,"95":0,"100":10},"e8e8e8":{"90":0,"95":50,"100":100}}');
INSERT INTO shopping.products (productName,price,category,explanation,productId,saleYn,img,discount,numberOfSalse,smallCategory,cnt) VALUES
	 ('[한소희 착용]나일론 카고 조거 팬츠 414508 [3color]',45000,'하의','[한소희 착용]나일론 카고 조거 팬츠 414508 [3color]','3823843_17102125994454_big','Y','3823843_17102125994454_big.webp',25,21387,'기타','{"000000":{"90":0,"95":0,"100":0},"ff0000":{"90":0,"95":0,"100":10},"e8e8e8":{"90":0,"95":50,"100":100}}'),
	 ('코튼 딥 턱 와이드 밴딩 팬츠 [베이지]',37490,'하의','코튼 딥 턱 와이드 밴딩 팬츠 [베이지]','3758185_17067714979436_big','Y','3758185_17067714979436_big.webp',20,789,'기타','{"000000":{"90":0,"95":0,"100":0},"ff0000":{"90":0,"95":0,"100":10},"e8e8e8":{"90":0,"95":50,"100":100}}'),
	 ('애틀랜타 커트라인 트랙 팬츠 - 블랙 / IW5509',75990,'하의','애틀랜타 커트라인 트랙 팬츠 - 블랙 / IW5509','4260531_17216323398477_big','Y','4260531_17216323398477_big.webp',30,7978,'기타','{"000000":{"90":0,"95":0,"100":0},"ff0000":{"90":0,"95":0,"100":10},"e8e8e8":{"90":0,"95":50,"100":100}}'),
	 ('우먼즈 라이트웨이트 하이 웨이스트 와이드 히든 밴딩 슬랙스 [그레이]',43900,'하의','우먼즈 라이트웨이트 하이 웨이스트 와이드 히든 밴딩 슬랙스 [그레이]','1945316_17179892810051_big','Y','1945316_17179892810051_big.webp',0,23546,'기타','{"000000":{"90":0,"95":0,"100":0},"ff0000":{"90":0,"95":0,"100":10},"e8e8e8":{"90":0,"95":50,"100":100}}'),
	 ('776 코튼 원턱 와이드 팬츠 - 화이트',49000,'하의','776 코튼 원턱 와이드 팬츠 - 화이트','3797703_17254651685038_big','Y','3797703_17254651685038_big.webp',0,456,'기타','{"000000":{"90":0,"95":0,"100":0},"ff0000":{"90":0,"95":0,"100":10},"e8e8e8":{"90":0,"95":50,"100":100}}'),
	 ('Herringbone wide pants BEIGE',47600,'하의','Herringbone wide pants BEIGE','3064467_17194795299575_big','Y','3064467_17194795299575_big.webp',30,7849,'기타','{"000000":{"90":0,"95":0,"100":0},"ff0000":{"90":0,"95":0,"100":10},"e8e8e8":{"90":0,"95":50,"100":100}}'),
	 ('레플리카 퍼티그 팬츠 [브라운]',32890,'하의','레플리카 퍼티그 팬츠 [브라운]','4210183_17307879841957_big','Y','4210183_17307879841957_big.webp',25,89,'기타','{"000000":{"90":0,"95":0,"100":0},"ff0000":{"90":0,"95":0,"100":10},"e8e8e8":{"90":0,"95":50,"100":100}}'),
	 ('유니온 원턱 와이드핏 팬츠',16900,'하의','유니온 원턱 와이드핏 팬츠','4319047_17435493945692_big','Y','4319047_17435493945692_big.webp',63,45387,'기타','{"000000":{"90":0,"95":0,"100":0},"ff0000":{"90":0,"95":0,"100":10},"e8e8e8":{"90":0,"95":50,"100":100}}'),
	 ('LAYERED SWEAT PANTS GREY',63200,'하의','LAYERED SWEAT PANTS GREY','4770293_17395182322234_big','Y','4770293_17395182322234_big.webp',20,7979,'기타','{"000000":{"90":0,"95":0,"100":0},"ff0000":{"90":0,"95":0,"100":10},"e8e8e8":{"90":0,"95":50,"100":100}}'),
	 ('블랙라벨 시그니처 360N 더블플러피 기모 레깅스 블랙',18900,'하의','블랙라벨 시그니처 360N 더블플러피 기모 레깅스 블랙','3449637_17026088164053_big','Y','3449637_17026088164053_big.webp',65,79,'기타','{"000000":{"90":0,"95":0,"100":0},"ff0000":{"90":0,"95":0,"100":10},"e8e8e8":{"90":0,"95":50,"100":100}}');
INSERT INTO shopping.products (productName,price,category,explanation,productId,saleYn,img,discount,numberOfSalse,smallCategory,cnt) VALUES
	 ('오크먼트 TR 다이얼 v2(1JM02613G925)',119000,'신발','오크먼트 TR 다이얼 v2(1JM02613G925)','3305406_16971815440719_big','Y','3305406_16971815440719_big.webp',0,7,'운동화','{"000000":{"90":0,"95":0,"100":0},"ff0000":{"90":0,"95":0,"100":10},"e8e8e8":{"90":0,"95":50,"100":100}}'),
	 ('COMFY.EZ 브리즈 HPCR5EA304',35910,'신발','COMFY.EZ 브리즈 HPCR5EA304','3899612_17089147013856_big','Y','3899612_17089147013856_big.webp',10,1545,'운동화','{"000000":{"90":0,"95":0,"100":0},"ff0000":{"90":0,"95":0,"100":10},"e8e8e8":{"90":0,"95":50,"100":100}}'),
	 ('스트라이더_Black',60000,'신발','스트라이더_Black','2498839_1_big','Y','2498839_1_big.webp',73,979,'운동화','{"000000":{"90":0,"95":0,"100":0},"ff0000":{"90":0,"95":0,"100":10},"e8e8e8":{"90":0,"95":50,"100":100}}'),
	 ('루스터 넥스트 (QN323PCT71)',55600,'신발','루스터 넥스트 (QN323PCT71)','4710478_17364880931146_big','Y','4710478_17364880931146_big.webp',60,799,'운동화','{"000000":{"90":0,"95":0,"100":0},"ff0000":{"90":0,"95":0,"100":10},"e8e8e8":{"90":0,"95":50,"100":100}}'),
	 ('COMFY.EZ 액티브 워킹화 HPCR5EA303',39900,'신발','COMFY.EZ 액티브 워킹화 HPCR5EA303','3900541_17108915828923_big','Y','3900541_17108915828923_big.webp',0,8978965,'운동화','{"000000":{"90":0,"95":0,"100":0},"ff0000":{"90":0,"95":0,"100":10},"e8e8e8":{"90":0,"95":50,"100":100}}'),
	 ('런 스텝 블랙(SQ113RRN14)',129000,'신발','런 스텝 블랙(SQ113RRN14)','4709351_17411524446223_big','Y','4709351_17411524446223_big.webp',0,6445465,'운동화','{"000000":{"90":0,"95":0,"100":0},"ff0000":{"90":0,"95":0,"100":10},"e8e8e8":{"90":0,"95":50,"100":100}}'),
	 ('[무료반품]보메로 18 M - 화이트:일렉트릭 그린:볼트:블랙 / HM6803-100',179000,'신발','[무료반품]보메로 18 M - 화이트:일렉트릭 그린:볼트:블랙 / HM6803-100','4790499_17397559403229_big','Y','4790499_17397559403229_big.webp',0,44564,'운동화','{"000000":{"90":0,"95":0,"100":0},"ff0000":{"90":0,"95":0,"100":10},"e8e8e8":{"90":0,"95":50,"100":100}}'),
	 ('(여성) 글리세린 21 GTS (미디움) - 코코넛 / 1204091B195',158990,'신발','(여성) 글리세린 21 GTS (미디움) - 코코넛 / 1204091B195','4629379_17327723206852_big','Y','4629379_17327723206852_big.webp',20,646,'운동화','{"000000":{"90":0,"95":0,"100":0},"ff0000":{"90":0,"95":0,"100":10},"e8e8e8":{"90":0,"95":50,"100":100}}'),
	 ('머레이 메쉬 에어 런닝화 블랙',35800,'신발','머레이 메쉬 에어 런닝화 블랙','4344805_17241148064485_big','Y','4344805_17241148064485_big.webp',52,87979,'운동화','{"000000":{"90":0,"95":0,"100":0},"ff0000":{"90":0,"95":0,"100":10},"e8e8e8":{"90":0,"95":50,"100":100}}'),
	 ('[무료반품]보메로 18 M - 배얼리 그린:하이퍼 크림슨:배얼리 볼트:메탈릭 실버 / HM6803-300',179000,'신발','[무료반품]보메로 18 M - 배얼리 그린:하이퍼 크림슨:배얼리 볼트:메탈릭 실버 / HM6803-300','4861615_17417472648092_big','Y','4861615_17417472648092_big.webp',0,6718,'운동화','{"000000":{"90":0,"95":0,"100":0},"ff0000":{"90":0,"95":0,"100":10},"e8e8e8":{"90":0,"95":50,"100":100}}');
INSERT INTO shopping.products (productName,price,category,explanation,productId,saleYn,img,discount,numberOfSalse,smallCategory,cnt) VALUES
	 ('크런치3 슬라이드 Black (S24MUFSD37)',39000,'신발','크런치3 슬라이드 Black (S24MUFSD37)','4071973_17183292075477_big','Y','4071973_17183292075477_big.webp',43,76,'슬리퍼','{"000000":{"90":0,"95":0,"100":0},"ff0000":{"90":0,"95":0,"100":10},"e8e8e8":{"90":0,"95":50,"100":100}}'),
	 ('스페이스런 슬라이드',29000,'신발','스페이스런 슬라이드','2614278_1_big','Y','2614278_1_big.webp',51,464564,'슬리퍼','{"000000":{"90":0,"95":0,"100":0},"ff0000":{"90":0,"95":0,"100":10},"e8e8e8":{"90":0,"95":50,"100":100}}'),
	 ('N252USD322 픽셀 V2 슬라이드 IVORY',59000,'신발','N252USD322 픽셀 V2 슬라이드 IVORY','4578682_17303572633105_big','Y','4578682_17303572633105_big.webp',0,64578,'슬리퍼','{"000000":{"90":0,"95":0,"100":0},"ff0000":{"90":0,"95":0,"100":10},"e8e8e8":{"90":0,"95":50,"100":100}}'),
	 ('락커룸 슬라이드(FF3ASL02U_180)',9900,'신발','락커룸 슬라이드(FF3ASL02U_180)','3024409_16735952646078_big','Y','3024409_16735952646078_big.webp',86,8643,'슬리퍼','{"000000":{"90":0,"95":0,"100":0},"ff0000":{"90":0,"95":0,"100":10},"e8e8e8":{"90":0,"95":50,"100":100}}'),
	 ('포차코 페이스 슬리퍼',12940,'신발','포차코 페이스 슬리퍼','3876586_17080600824813_big','Y','3876586_17080600824813_big.webp',35,7687343,'슬리퍼','{"000000":{"90":0,"95":0,"100":0},"ff0000":{"90":0,"95":0,"100":10},"e8e8e8":{"90":0,"95":50,"100":100}}'),
	 ('[논파킹 X 킨치] N - HERI / SAND',104250,'신발','[논파킹 X 킨치] N - HERI / SAND','4678914_17400304682111_big','Y','4678914_17400304682111_big.webp',25,1345,'슬리퍼','{"000000":{"90":0,"95":0,"100":0},"ff0000":{"90":0,"95":0,"100":10},"e8e8e8":{"90":0,"95":50,"100":100}}'),
	 ('트위치 로고 슬라이드 그린',30000,'신발','트위치 로고 슬라이드 그린','3922219_17096073282661_big','Y','3922219_17096073282661_big.webp',23,453789,'슬리퍼','{"000000":{"90":0,"95":0,"100":0},"ff0000":{"90":0,"95":0,"100":10},"e8e8e8":{"90":0,"95":50,"100":100}}'),
	 ('무직백수 계백순 슬리퍼',61000,'신발','무직백수 계백순 슬리퍼','4644034_17340873210055_big','Y','4644034_17340873210055_big.webp',0,4495,'슬리퍼','{"000000":{"90":0,"95":0,"100":0},"ff0000":{"90":0,"95":0,"100":10},"e8e8e8":{"90":0,"95":50,"100":100}}'),
	 ('베를린 스퀘어 슬라이드 레더 블랙',25200,'신발','베를린 스퀘어 슬라이드 레더 블랙','2503160_2_big','Y','2503160_2_big.webp',70,46,'슬리퍼','{"000000":{"90":0,"95":0,"100":0},"ff0000":{"90":0,"95":0,"100":10},"e8e8e8":{"90":0,"95":50,"100":100}}'),
	 ('스웨이드 클로그 HPCV4FA401',26910,'신발','스웨이드 클로그 HPCV4FA401','4791040_17398378397153_big','Y','4791040_17398378397153_big.webp',10,978,'슬리퍼','{"000000":{"90":0,"95":0,"100":0},"ff0000":{"90":0,"95":0,"100":10},"e8e8e8":{"90":0,"95":50,"100":100}}');
INSERT INTO shopping.products (productName,price,category,explanation,productId,saleYn,img,discount,numberOfSalse,smallCategory,cnt) VALUES
	 ('5cm 유니섹스 독일군 스니커즈 제너럴(CL0035)',62000,'신발','5cm 유니섹스 독일군 스니커즈 제너럴(CL0035)','1367805_1_big','Y','1367805_1_big.webp',15,4565,'스니커즈','{"000000":{"90":0,"95":0,"100":0},"ff0000":{"90":0,"95":0,"100":10},"e8e8e8":{"90":0,"95":50,"100":100}}'),
	 ('무스비 블랙',62000,'신발','무스비 블랙','1882089_17272527184301_big','Y','1882089_17272527184301_big.webp',0,45646,'스니커즈','{"000000":{"90":0,"95":0,"100":0},"ff0000":{"90":0,"95":0,"100":10},"e8e8e8":{"90":0,"95":50,"100":100}}'),
	 ('5IN OG HI - 독일군 스니커즈 키높이 버전',74000,'신발','5IN OG HI - 독일군 스니커즈 키높이 버전','1955217_17235359282320_big','Y','1955217_17235359282320_big.webp',32,79797,'스니커즈','{"000000":{"90":0,"95":0,"100":0},"ff0000":{"90":0,"95":0,"100":10},"e8e8e8":{"90":0,"95":50,"100":100}}'),
	 ('더블 레이스업 레더 매쉬 스니커즈 EBAL157113',72300,'신발','더블 레이스업 레더 매쉬 스니커즈 EBAL157113','4729861_17421809322429_big','Y','4729861_17421809322429_big.webp',55,7866,'스니커즈','{"000000":{"90":0,"95":0,"100":0},"ff0000":{"90":0,"95":0,"100":10},"e8e8e8":{"90":0,"95":50,"100":100}}'),
	 ('스킬라 캔버스 스니커즈 블랙',29500,'신발','스킬라 캔버스 스니커즈 블랙','3190645_17061497546528_big','Y','3190645_17061497546528_big.webp',50,9123,'스니커즈','{"000000":{"90":0,"95":0,"100":0},"ff0000":{"90":0,"95":0,"100":10},"e8e8e8":{"90":0,"95":50,"100":100}}'),
	 ('(우디) 캔버스화_SPPGFA9A51',29900,'신발','(우디) 캔버스화_SPPGFA9A51','4564339_17392507127674_big','Y','4564339_17392507127674_big.webp',0,4,'스니커즈','{"000000":{"90":0,"95":0,"100":0},"ff0000":{"90":0,"95":0,"100":10},"e8e8e8":{"90":0,"95":50,"100":100}}'),
	 ('플랫 스니커즈 EL21A002',29000,'신발','플랫 스니커즈 EL21A002','2145781_1_big','Y','2145781_1_big.webp',0,6145,'스니커즈','{"000000":{"90":0,"95":0,"100":0},"ff0000":{"90":0,"95":0,"100":10},"e8e8e8":{"90":0,"95":50,"100":100}}'),
	 ('[노티카 x 캐치볼] 덱슈즈',79200,'신발','[노티카 x 캐치볼] 덱슈즈','4044400_17152178279212_big','Y','4044400_17152178279212_big.webp',20,21,'스니커즈','{"000000":{"90":0,"95":0,"100":0},"ff0000":{"90":0,"95":0,"100":10},"e8e8e8":{"90":0,"95":50,"100":100}}'),
	 ('톨드 스트랩 메리제인 플랫 스니커즈 SNLTR1h129',32300,'신발','톨드 스트랩 메리제인 플랫 스니커즈 SNLTR1h129','4834221_17406343110917_big','Y','4834221_17406343110917_big.webp',10,6464689,'스니커즈','{"000000":{"90":0,"95":0,"100":0},"ff0000":{"90":0,"95":0,"100":10},"e8e8e8":{"90":0,"95":50,"100":100}}'),
	 ('Somuch 쏘머치 더블 벨크로 배색 포인트 메리제인 스니커즈_4color 3cm',69300,'신발','Somuch 쏘머치 더블 벨크로 배색 포인트 메리제인 스니커즈_4color 3cm','4840141_17417448283691_big','Y','4840141_17417448283691_big.webp',30,6545678,'스니커즈','{"000000":{"90":0,"95":0,"100":0},"ff0000":{"90":0,"95":0,"100":10},"e8e8e8":{"90":0,"95":50,"100":100}}');
INSERT INTO shopping.products (productName,price,category,explanation,productId,saleYn,img,discount,numberOfSalse,smallCategory,cnt) VALUES
	 ('[수아레X로맨틱무브]슬랩스틱 더비슈즈 로스팅 브라운',165900,'신발','[수아레X로맨틱무브]슬랩스틱 더비슈즈 로스팅 브라운','4659867_17338758660222_big','Y','4659867_17338758660222_big.webp',21,7862346,'기타','{"000000":{"90":0,"95":0,"100":0},"ff0000":{"90":0,"95":0,"100":10},"e8e8e8":{"90":0,"95":50,"100":100}}'),
	 ('히포 빈티지 더비 슈즈',99000,'신발','히포 빈티지 더비 슈즈','4860050_17416583697170_big','Y','4860050_17416583697170_big.webp',23,685,'기타','{"000000":{"90":0,"95":0,"100":0},"ff0000":{"90":0,"95":0,"100":10},"e8e8e8":{"90":0,"95":50,"100":100}}'),
	 ('[미누의코디 x 식스핏] BOLD TOE DERBY (MATT SUEDE)',54000,'신발','[미누의코디 x 식스핏] BOLD TOE DERBY (MATT SUEDE)','4522544_17302665067884_big','Y','4522544_17302665067884_big.webp',45,45,'기타','{"000000":{"90":0,"95":0,"100":0},"ff0000":{"90":0,"95":0,"100":10},"e8e8e8":{"90":0,"95":50,"100":100}}'),
	 ('모비나 스퀘어 슬링백힐 (4/6cm)',52900,'신발','모비나 스퀘어 슬링백힐 (4/6cm)','4038824_17126305457823_big','Y','4038824_17126305457823_big.webp',0,123,'기타','{"000000":{"90":0,"95":0,"100":0},"ff0000":{"90":0,"95":0,"100":10},"e8e8e8":{"90":0,"95":50,"100":100}}'),
	 ('KIIV Enamel Buckle Strap Pumps (2color)',92000,'신발','KIIV Enamel Buckle Strap Pumps (2color)','4852483_17410623174207_big','Y','4852483_17410623174207_big.webp',0,767423,'기타','{"000000":{"90":0,"95":0,"100":0},"ff0000":{"90":0,"95":0,"100":10},"e8e8e8":{"90":0,"95":50,"100":100}}'),
	 ('WORK BOOTS [Collab. with HEYSTE]',153000,'신발','WORK BOOTS [Collab. with HEYSTE]','3805394_17139420519158_big','Y','3805394_17139420519158_big.webp',0,4643,'기타','{"000000":{"90":0,"95":0,"100":0},"ff0000":{"90":0,"95":0,"100":10},"e8e8e8":{"90":0,"95":50,"100":100}}'),
	 ('141 홀스하이드 처카 부츠 브라운',215100,'신발','141 홀스하이드 처카 부츠 브라운','4466962_17322563339509_big','Y','4466962_17322563339509_big.webp',10,45946,'기타','{"000000":{"90":0,"95":0,"100":0},"ff0000":{"90":0,"95":0,"100":10},"e8e8e8":{"90":0,"95":50,"100":100}}'),
	 ('141 스웨이드 처카 부츠 베이지',215100,'신발','141 스웨이드 처카 부츠 베이지','4466967_17274063886319_big','Y','4466967_17274063886319_big.webp',10,48746,'기타','{"000000":{"90":0,"95":0,"100":0},"ff0000":{"90":0,"95":0,"100":10},"e8e8e8":{"90":0,"95":50,"100":100}}'),
	 ('Vincent 빈센트 롱부츠 AEFB015',115500,'신발','Vincent 빈센트 롱부츠 AEFB015','2962867_17285659150186_big','Y','2962867_17285659150186_big.webp',30,45665,'기타','{"000000":{"90":0,"95":0,"100":0},"ff0000":{"90":0,"95":0,"100":10},"e8e8e8":{"90":0,"95":50,"100":100}}'),
	 ('비즈 보트 슈즈 브라운',43900,'신발','비즈 보트 슈즈 브라운','2318446_16783280722001_big','Y','2318446_16783280722001_big.webp',71,4564942,'기타','{"000000":{"90":0,"95":0,"100":0},"ff0000":{"90":0,"95":0,"100":10},"e8e8e8":{"90":0,"95":50,"100":100}}');




INSERT INTO shopping.tmpCart (userId,productId,cnt,keyData) VALUES
	 ('deoksu','4881620_17426324473175_big','{"000000":{"90":0,"95":0,"100":0},"ff0000":{"90":1,"95":0,"100":0},"e8e8e8":{"90":0,"95":0,"100":0}}','c80894a6-6e81-4ef5-9987-c2f9cb47cdf9'),
	 ('deoksu','3508111_17288903917818_big','{"000000":{"90":0,"95":0,"100":1},"ff0000":{"90":0,"95":1,"100":0},"e8e8e8":{"90":2,"95":0,"100":0}}','c80894a6-6e81-4ef5-9987-c2f9cb47cdf9'),
	 ('deoksu','4766575_17394080726770_big','{"000000":{"90":0,"95":0,"100":0},"ff0000":{"90":0,"95":0,"100":0},"e8e8e8":{"90":1,"95":0,"100":0}}','c80894a6-6e81-4ef5-9987-c2f9cb47cdf9'),
	 ('deoksu','4881620_17426324473175_big','{"000000":{"90":0,"95":0,"100":0},"ff0000":{"90":1,"95":0,"100":0},"e8e8e8":{"90":0,"95":0,"100":0}}','ed5ff07e-4ae2-438f-87b5-8a2dc37136a9'),
	 ('deoksu','3508111_17288903917818_big','{"000000":{"90":0,"95":0,"100":1},"ff0000":{"90":0,"95":1,"100":0},"e8e8e8":{"90":2,"95":0,"100":0}}','ed5ff07e-4ae2-438f-87b5-8a2dc37136a9'),
	 ('deoksu','4766575_17394080726770_big','{"000000":{"90":0,"95":0,"100":0},"ff0000":{"90":0,"95":0,"100":0},"e8e8e8":{"90":1,"95":0,"100":0}}','ed5ff07e-4ae2-438f-87b5-8a2dc37136a9'),
	 ('deoksu','4881620_17426324473175_big','{"000000":{"90":0,"95":0,"100":0},"ff0000":{"90":1,"95":0,"100":0},"e8e8e8":{"90":0,"95":0,"100":0}}','0f9546b8-db91-437b-a972-1b4d05541c90'),
	 ('deoksu','3508111_17288903917818_big','{"000000":{"90":0,"95":0,"100":1},"ff0000":{"90":0,"95":1,"100":0},"e8e8e8":{"90":2,"95":0,"100":0}}','0f9546b8-db91-437b-a972-1b4d05541c90'),
	 ('deoksu','4766575_17394080726770_big','{"000000":{"90":0,"95":0,"100":0},"ff0000":{"90":0,"95":0,"100":0},"e8e8e8":{"90":1,"95":0,"100":0}}','0f9546b8-db91-437b-a972-1b4d05541c90'),
	 ('deoksu','4881620_17426324473175_big','{"000000":{"90":0,"95":0,"100":0},"ff0000":{"90":1,"95":0,"100":0},"e8e8e8":{"90":0,"95":0,"100":0}}','3f23769b-9608-472f-bf51-d39768c9deab');
INSERT INTO shopping.tmpCart (userId,productId,cnt,keyData) VALUES
	 ('deoksu','3508111_17288903917818_big','{"000000":{"90":0,"95":0,"100":1},"ff0000":{"90":0,"95":1,"100":0},"e8e8e8":{"90":2,"95":0,"100":0}}','3f23769b-9608-472f-bf51-d39768c9deab'),
	 ('deoksu','4766575_17394080726770_big','{"000000":{"90":0,"95":0,"100":0},"ff0000":{"90":0,"95":0,"100":0},"e8e8e8":{"90":1,"95":0,"100":0}}','3f23769b-9608-472f-bf51-d39768c9deab'),
	 ('deoksu','4881620_17426324473175_big','{"000000":{"90":0,"95":0,"100":0},"ff0000":{"90":1,"95":0,"100":0},"e8e8e8":{"90":0,"95":0,"100":0}}','1f7e6433-478d-413f-8189-be6e9beaa588'),
	 ('deoksu','3508111_17288903917818_big','{"000000":{"90":0,"95":0,"100":1},"ff0000":{"90":0,"95":1,"100":0},"e8e8e8":{"90":2,"95":0,"100":0}}','1f7e6433-478d-413f-8189-be6e9beaa588'),
	 ('deoksu','4766575_17394080726770_big','{"000000":{"90":0,"95":0,"100":0},"ff0000":{"90":0,"95":0,"100":0},"e8e8e8":{"90":1,"95":0,"100":0}}','1f7e6433-478d-413f-8189-be6e9beaa588'),
	 ('deoksu','4881620_17426324473175_big','{"000000":{"90":0,"95":0,"100":0},"ff0000":{"90":1,"95":0,"100":0},"e8e8e8":{"90":0,"95":0,"100":0}}','d5b35d70-68fe-48cb-bdd2-10a400e8f9cc'),
	 ('deoksu','3508111_17288903917818_big','{"000000":{"90":0,"95":0,"100":1},"ff0000":{"90":0,"95":1,"100":0},"e8e8e8":{"90":2,"95":0,"100":0}}','d5b35d70-68fe-48cb-bdd2-10a400e8f9cc'),
	 ('deoksu','4766575_17394080726770_big','{"000000":{"90":0,"95":0,"100":0},"ff0000":{"90":0,"95":0,"100":0},"e8e8e8":{"90":1,"95":0,"100":0}}','d5b35d70-68fe-48cb-bdd2-10a400e8f9cc'),
	 ('deoksu','4881620_17426324473175_big','{"000000":{"90":0,"95":0,"100":0},"ff0000":{"90":1,"95":0,"100":0},"e8e8e8":{"90":0,"95":0,"100":0}}','51ad0c4f-eddb-4ea3-89e7-e77af5734d8a'),
	 ('deoksu','3508111_17288903917818_big','{"000000":{"90":0,"95":0,"100":1},"ff0000":{"90":0,"95":1,"100":0},"e8e8e8":{"90":2,"95":0,"100":0}}','51ad0c4f-eddb-4ea3-89e7-e77af5734d8a');
INSERT INTO shopping.tmpCart (userId,productId,cnt,keyData) VALUES
	 ('deoksu','4766575_17394080726770_big','{"000000":{"90":0,"95":0,"100":0},"ff0000":{"90":0,"95":0,"100":0},"e8e8e8":{"90":1,"95":0,"100":0}}','51ad0c4f-eddb-4ea3-89e7-e77af5734d8a'),
	 ('deoksu','4881620_17426324473175_big','{"000000":{"90":0,"95":0,"100":0},"ff0000":{"90":1,"95":0,"100":0},"e8e8e8":{"90":0,"95":0,"100":0}}','95834ba5-fe54-4b78-9a10-d719518713b4'),
	 ('deoksu','3508111_17288903917818_big','{"000000":{"90":0,"95":0,"100":1},"ff0000":{"90":0,"95":1,"100":0},"e8e8e8":{"90":2,"95":0,"100":0}}','95834ba5-fe54-4b78-9a10-d719518713b4'),
	 ('deoksu','4766575_17394080726770_big','{"000000":{"90":0,"95":0,"100":0},"ff0000":{"90":0,"95":0,"100":0},"e8e8e8":{"90":1,"95":0,"100":0}}','95834ba5-fe54-4b78-9a10-d719518713b4'),
	 ('deoksu','4881620_17426324473175_big','{"000000":{"90":0,"95":0,"100":0},"ff0000":{"90":1,"95":0,"100":0},"e8e8e8":{"90":0,"95":0,"100":0}}','1ed09011-e593-442d-ab7f-4479100769d0'),
	 ('deoksu','3508111_17288903917818_big','{"000000":{"90":0,"95":0,"100":1},"ff0000":{"90":0,"95":1,"100":0},"e8e8e8":{"90":2,"95":0,"100":0}}','1ed09011-e593-442d-ab7f-4479100769d0'),
	 ('deoksu','4766575_17394080726770_big','{"000000":{"90":0,"95":0,"100":0},"ff0000":{"90":0,"95":0,"100":0},"e8e8e8":{"90":1,"95":0,"100":0}}','1ed09011-e593-442d-ab7f-4479100769d0'),
	 ('deoksu','4881620_17426324473175_big','{"000000":{"90":0,"95":0,"100":0},"ff0000":{"90":1,"95":0,"100":0},"e8e8e8":{"90":0,"95":0,"100":0}}','f651b25a-4114-43e6-af6c-8a043c3f03bf'),
	 ('deoksu','3508111_17288903917818_big','{"000000":{"90":0,"95":0,"100":1},"ff0000":{"90":0,"95":1,"100":0},"e8e8e8":{"90":2,"95":0,"100":0}}','f651b25a-4114-43e6-af6c-8a043c3f03bf'),
	 ('deoksu','4766575_17394080726770_big','{"000000":{"90":0,"95":0,"100":0},"ff0000":{"90":0,"95":0,"100":0},"e8e8e8":{"90":1,"95":0,"100":0}}','f651b25a-4114-43e6-af6c-8a043c3f03bf');
INSERT INTO shopping.tmpCart (userId,productId,cnt,keyData) VALUES
	 ('deoksu','4881620_17426324473175_big','{"000000":{"90":0,"95":0,"100":0},"ff0000":{"90":1,"95":0,"100":0},"e8e8e8":{"90":0,"95":0,"100":0}}','a9cace00-714b-44a2-b006-25e6c1e93c51'),
	 ('deoksu','3508111_17288903917818_big','{"000000":{"90":0,"95":0,"100":1},"ff0000":{"90":0,"95":1,"100":0},"e8e8e8":{"90":2,"95":0,"100":0}}','a9cace00-714b-44a2-b006-25e6c1e93c51'),
	 ('deoksu','4766575_17394080726770_big','{"000000":{"90":0,"95":0,"100":0},"ff0000":{"90":0,"95":0,"100":0},"e8e8e8":{"90":1,"95":0,"100":0}}','a9cace00-714b-44a2-b006-25e6c1e93c51'),
	 ('deoksu','4881620_17426324473175_big','{"000000":{"90":0,"95":0,"100":0},"ff0000":{"90":1,"95":0,"100":0},"e8e8e8":{"90":0,"95":0,"100":0}}','673e312a-1cf9-43f5-9737-e4abe74c96b8'),
	 ('deoksu','3508111_17288903917818_big','{"000000":{"90":0,"95":0,"100":1},"ff0000":{"90":0,"95":1,"100":0},"e8e8e8":{"90":2,"95":0,"100":0}}','673e312a-1cf9-43f5-9737-e4abe74c96b8'),
	 ('deoksu','4766575_17394080726770_big','{"000000":{"90":0,"95":0,"100":0},"ff0000":{"90":0,"95":0,"100":0},"e8e8e8":{"90":1,"95":0,"100":0}}','673e312a-1cf9-43f5-9737-e4abe74c96b8'),
	 ('deoksu','4881620_17426324473175_big','{"000000":{"90":0,"95":0,"100":0},"ff0000":{"90":1,"95":0,"100":0},"e8e8e8":{"90":0,"95":0,"100":0}}','c4c77209-1831-4c4f-ab89-a629bee8ddf7'),
	 ('deoksu','3508111_17288903917818_big','{"000000":{"90":0,"95":0,"100":1},"ff0000":{"90":0,"95":1,"100":0},"e8e8e8":{"90":2,"95":0,"100":0}}','c4c77209-1831-4c4f-ab89-a629bee8ddf7'),
	 ('deoksu','4766575_17394080726770_big','{"000000":{"90":0,"95":0,"100":0},"ff0000":{"90":0,"95":0,"100":0},"e8e8e8":{"90":1,"95":0,"100":0}}','c4c77209-1831-4c4f-ab89-a629bee8ddf7'),
	 ('deoksu','4881620_17426324473175_big','{"000000":{"90":0,"95":0,"100":0},"ff0000":{"90":1,"95":0,"100":0},"e8e8e8":{"90":0,"95":0,"100":0}}','40cd513e-db58-44b3-92e5-647ee6de8eb4');
INSERT INTO shopping.tmpCart (userId,productId,cnt,keyData) VALUES
	 ('deoksu','3508111_17288903917818_big','{"000000":{"90":0,"95":0,"100":1},"ff0000":{"90":0,"95":1,"100":0},"e8e8e8":{"90":2,"95":0,"100":0}}','40cd513e-db58-44b3-92e5-647ee6de8eb4'),
	 ('deoksu','4766575_17394080726770_big','{"000000":{"90":0,"95":0,"100":0},"ff0000":{"90":0,"95":0,"100":0},"e8e8e8":{"90":1,"95":0,"100":0}}','40cd513e-db58-44b3-92e5-647ee6de8eb4'),
	 ('deoksu','4881620_17426324473175_big','{"000000":{"90":0,"95":0,"100":0},"ff0000":{"90":1,"95":0,"100":0},"e8e8e8":{"90":0,"95":0,"100":0}}','44d8558c-32d6-4be7-aa33-bf3b50e963e8'),
	 ('deoksu','3508111_17288903917818_big','{"000000":{"90":0,"95":0,"100":1},"ff0000":{"90":0,"95":1,"100":0},"e8e8e8":{"90":2,"95":0,"100":0}}','44d8558c-32d6-4be7-aa33-bf3b50e963e8'),
	 ('deoksu','4766575_17394080726770_big','{"000000":{"90":0,"95":0,"100":0},"ff0000":{"90":0,"95":0,"100":0},"e8e8e8":{"90":1,"95":0,"100":0}}','44d8558c-32d6-4be7-aa33-bf3b50e963e8'),
	 ('deoksu','4881620_17426324473175_big','{"000000":{"90":0,"95":0,"100":0},"ff0000":{"90":1,"95":0,"100":0},"e8e8e8":{"90":0,"95":0,"100":0}}','6db3fbc6-5acf-4971-b593-e9524a765663'),
	 ('deoksu','3508111_17288903917818_big','{"000000":{"90":0,"95":0,"100":1},"ff0000":{"90":0,"95":1,"100":0},"e8e8e8":{"90":2,"95":0,"100":0}}','6db3fbc6-5acf-4971-b593-e9524a765663'),
	 ('deoksu','4766575_17394080726770_big','{"000000":{"90":0,"95":0,"100":0},"ff0000":{"90":0,"95":0,"100":0},"e8e8e8":{"90":1,"95":0,"100":0}}','6db3fbc6-5acf-4971-b593-e9524a765663'),
	 ('deoksu','4881620_17426324473175_big','{"000000":{"90":0,"95":0,"100":0},"ff0000":{"90":1,"95":0,"100":0},"e8e8e8":{"90":0,"95":0,"100":0}}','0122262d-a406-48bd-993c-8b6f48db6069'),
	 ('deoksu','3508111_17288903917818_big','{"000000":{"90":0,"95":0,"100":1},"ff0000":{"90":0,"95":1,"100":0},"e8e8e8":{"90":2,"95":0,"100":0}}','0122262d-a406-48bd-993c-8b6f48db6069');
INSERT INTO shopping.tmpCart (userId,productId,cnt,keyData) VALUES
	 ('deoksu','4766575_17394080726770_big','{"000000":{"90":0,"95":0,"100":0},"ff0000":{"90":0,"95":0,"100":0},"e8e8e8":{"90":1,"95":0,"100":0}}','0122262d-a406-48bd-993c-8b6f48db6069'),
	 ('deoksu','4881620_17426324473175_big','{"000000":{"90":0,"95":0,"100":0},"ff0000":{"90":1,"95":0,"100":0},"e8e8e8":{"90":0,"95":0,"100":0}}','299cb042-4960-4c5d-88af-9d0b99276c80'),
	 ('deoksu','3508111_17288903917818_big','{"000000":{"90":0,"95":0,"100":1},"ff0000":{"90":0,"95":1,"100":0},"e8e8e8":{"90":2,"95":0,"100":0}}','299cb042-4960-4c5d-88af-9d0b99276c80'),
	 ('deoksu','4766575_17394080726770_big','{"000000":{"90":0,"95":0,"100":0},"ff0000":{"90":0,"95":0,"100":0},"e8e8e8":{"90":1,"95":0,"100":0}}','299cb042-4960-4c5d-88af-9d0b99276c80'),
	 ('deoksu','4881620_17426324473175_big','{"000000":{"90":0,"95":0,"100":0},"ff0000":{"90":1,"95":0,"100":0},"e8e8e8":{"90":0,"95":0,"100":0}}','4c817dbd-3a0a-4bdd-b416-376f67fd6573'),
	 ('deoksu','3508111_17288903917818_big','{"000000":{"90":0,"95":0,"100":1},"ff0000":{"90":0,"95":1,"100":0},"e8e8e8":{"90":2,"95":0,"100":0}}','4c817dbd-3a0a-4bdd-b416-376f67fd6573'),
	 ('deoksu','4766575_17394080726770_big','{"000000":{"90":0,"95":0,"100":0},"ff0000":{"90":0,"95":0,"100":0},"e8e8e8":{"90":1,"95":0,"100":0}}','4c817dbd-3a0a-4bdd-b416-376f67fd6573'),
	 ('deoksu','4881620_17426324473175_big','{"000000":{"90":0,"95":0,"100":0},"ff0000":{"90":1,"95":0,"100":0},"e8e8e8":{"90":0,"95":0,"100":0}}','f8dfce15-32ee-4965-8d19-b14ce79ee448'),
	 ('deoksu','3508111_17288903917818_big','{"000000":{"90":0,"95":0,"100":1},"ff0000":{"90":0,"95":1,"100":0},"e8e8e8":{"90":2,"95":0,"100":0}}','f8dfce15-32ee-4965-8d19-b14ce79ee448'),
	 ('deoksu','4766575_17394080726770_big','{"000000":{"90":0,"95":0,"100":0},"ff0000":{"90":0,"95":0,"100":0},"e8e8e8":{"90":1,"95":0,"100":0}}','f8dfce15-32ee-4965-8d19-b14ce79ee448');


INSERT INTO shopping.true_ip (ip) VALUES
	 ('http://192.168.56.1:3000'),
	 ('http://localhost:3000');








